Price,Close,Close
Ticker,AAPL,NVDA
Date,,
2019-01-02,37.61785125732422,3.377779006958008
2019-01-03,33.87083053588867,3.173703908920288
2019-01-04,35.3167610168457,3.3770358562469482
2019-01-07,35.23815155029297,3.5558183193206787
2019-01-08,35.90990447998047,3.467294216156006
2019-01-09,36.51970672607422,3.5354855060577393
2019-01-10,36.636436462402344,3.6011955738067627
2019-01-11,36.276737213134766,3.6904633045196533
2019-01-14,35.73125076293945,3.7303857803344727
2019-01-15,36.46254348754883,3.716252088546753
2019-01-16,36.90798568725586,3.690711498260498
2019-01-17,37.127140045166016,3.762125015258789
2019-01-18,37.3558349609375,3.891315221786499
2019-01-22,36.51732635498047,3.6889748573303223
2019-01-23,36.665016174316406,3.7018699645996094
2019-01-24,36.3744010925293,3.913879871368408
2019-01-25,37.57974624633789,3.9711596965789795
2019-01-28,37.231956481933594,3.4221653938293457
2019-01-29,36.84604263305664,3.2632195949554443
2019-01-30,39.363929748535156,3.4067914485931396
2019-01-31,39.64738464355469,3.564497232437134
2019-02-01,39.66645812988281,3.5887978076934814
2019-02-04,40.793174743652344,3.6991422176361084
2019-02-05,41.49111557006836,3.7182345390319824
2019-02-06,41.50541305541992,3.7938640117645264
2019-02-07,40.71931838989258,3.6554996967315674
2019-02-08,40.76717758178711,3.674097776412964
2019-02-11,40.53272247314453,3.6314477920532227
2019-02-12,40.881988525390625,3.7484865188598633
2019-02-13,40.7121467590332,3.790888786315918
2019-02-14,40.860469818115234,3.8318030834198
2019-02-15,40.76956558227539,3.9014816284179688
2019-02-19,40.891563415527344,3.8841235637664795
2019-02-20,41.154727935791016,3.9314842224121094
2019-02-21,40.922672271728516,3.862550735473633
2019-02-22,41.37959671020508,3.947354793548584
2019-02-25,41.6810188293457,3.9349565505981445
2019-02-26,41.7049560546875,3.8955304622650146
2019-02-27,41.834136962890625,3.853624105453491
2019-02-28,41.42265701293945,3.829049825668335
2019-03-01,41.858062744140625,3.883411169052124
2019-03-04,42.06858825683594,3.8916015625
2019-03-05,41.99202346801758,3.885148763656616
2019-03-06,41.75040817260742,3.7741940021514893
2019-03-07,41.26716232299805,3.7049403190612793
2019-03-08,41.36524963378906,3.739194631576538
2019-03-11,42.79823303222656,3.9998252391815186
2019-03-12,43.27909469604492,4.0340800285339355
2019-03-13,43.47047805786133,4.185494422912598
2019-03-14,43.95371627807617,4.10953950881958
2019-03-15,44.52547073364258,4.215033531188965
2019-03-18,44.980010986328125,4.193685531616211
2019-03-19,44.62355041503906,4.361482620239258
2019-03-20,45.01350402832031,4.3289666175842285
2019-03-21,46.671356201171875,4.565768718719482
2019-03-22,45.70487594604492,4.4059157371521
2019-03-25,45.15226745605469,4.3135762214660645
2019-03-26,44.68574905395508,4.3902764320373535
2019-03-27,45.08766174316406,4.381093502044678
2019-03-28,45.14746856689453,4.399707794189453
2019-03-29,45.441715240478516,4.457047462463379
2019-04-01,45.750328063964844,4.524564743041992
2019-04-02,46.41539001464844,4.542436599731445
2019-04-03,46.73357009887695,4.6819353103637695
2019-04-04,46.81489562988281,4.672999858856201
2019-04-05,47.1282958984375,4.739770889282227
2019-04-08,47.869903564453125,4.760622024536133
2019-04-09,47.72636032104492,4.697821617126465
2019-04-10,47.99431228637695,4.76831579208374
2019-04-11,47.594791412353516,4.754416465759277
2019-04-12,47.57564926147461,4.7164387702941895
2019-04-15,47.661781311035156,4.584632873535156
2019-04-16,47.666568756103516,4.671759128570557
2019-04-17,48.59477233886719,4.648922443389893
2019-04-18,48.76940155029297,4.624350070953369
2019-04-22,48.9296875,4.678212642669678
2019-04-23,49.63542556762695,4.732820510864258
2019-04-24,49.55887222290039,4.745231628417969
2019-04-25,49.10911560058594,4.639490127563477
2019-04-26,48.87466812133789,4.420559406280518
2019-04-29,48.948829650878906,4.4513397216796875
2019-04-30,48.00626754760742,4.492792129516602
2019-05-01,50.36268997192383,4.479635715484619
2019-05-02,50.03493881225586,4.547152996063232
2019-05-03,50.65693283081055,4.542685508728027
2019-05-06,49.87466812133789,4.464248180389404
2019-05-07,48.53017807006836,4.296946048736572
2019-05-08,48.53975296020508,4.317051410675049
2019-05-09,48.018226623535156,4.224465847015381
2019-05-10,47.35301208496094,4.190459251403809
2019-05-13,44.60087966918945,3.9330549240112305
2019-05-14,45.306922912597656,4.022165775299072
2019-05-15,45.84967041015625,3.961103916168213
2019-05-16,45.64793395996094,3.976245164871216
2019-05-17,45.388572692871094,3.8853960037231445
2019-05-20,43.96928405761719,3.76674747467041
2019-05-21,44.81221008300781,3.848907470703125
2019-05-22,43.894840240478516,3.7779176235198975
2019-05-23,43.14556121826172,3.656785249710083
2019-05-24,42.979862213134766,3.6029212474823
2019-05-28,42.80213928222656,3.5577452182769775
2019-05-29,42.598018646240234,3.483527660369873
2019-05-30,42.81896209716797,3.456937551498413
2019-05-31,42.04326629638672,3.3662331104278564
2019-06-03,41.618194580078125,3.3244848251342773
2019-06-04,43.1407585144043,3.5536060333251953
2019-06-05,43.837196350097656,3.510862350463867
2019-06-06,44.48080062866211,3.572988510131836
2019-06-07,45.66474533081055,3.615731954574585
2019-06-10,46.24831771850586,3.6885435581207275
2019-06-11,46.783851623535156,3.7461957931518555
2019-06-12,46.63496017456055,3.633126735687256
2019-06-13,46.6253547668457,3.684318780899048
2019-06-14,46.28673553466797,3.594359874725342
2019-06-17,46.56291961669922,3.6040518283843994
2019-06-18,47.657997131347656,3.7991278171539307
2019-06-19,47.518714904785156,3.805091142654419
2019-06-20,47.900550842285156,3.8294448852539062
2019-06-21,47.73725509643555,3.7712953090667725
2019-06-24,47.6892204284668,3.7936604022979736
2019-06-25,46.966373443603516,3.7643368244171143
2019-06-26,47.98220443725586,3.9576733112335205
2019-06-27,47.96780776977539,4.056328773498535
2019-06-28,47.530723571777344,4.081180095672607
2019-07-01,48.4024772644043,4.129389762878418
2019-07-02,48.68584442138672,4.031477928161621
2019-07-03,49.08931350708008,4.044400215148926
2019-07-05,49.046077728271484,3.981778144836426
2019-07-08,48.03504943847656,3.9067304134368896
2019-07-09,48.32802963256836,3.909214973449707
2019-07-10,48.805931091308594,3.977552890777588
2019-07-11,48.450496673583984,4.13212251663208
2019-07-12,48.82273864746094,4.16517448425293
2019-07-15,49.281410217285156,4.156724452972412
2019-07-16,49.11091613769531,4.152003288269043
2019-07-17,48.834739685058594,4.21735954284668
2019-07-18,49.38949203491211,4.229039192199707
2019-07-19,48.6522216796875,4.185800552368164
2019-07-22,49.76412582397461,4.257368564605713
2019-07-23,50.153160095214844,4.3652191162109375
2019-07-24,50.11234664916992,4.4397711753845215
2019-07-25,49.716102600097656,4.308560848236084
2019-07-26,49.889007568359375,4.350557804107666
2019-07-29,50.35490036010742,4.344344615936279
2019-07-30,50.13876724243164,4.359999656677246
2019-07-31,51.16181182861328,4.192755699157715
2019-08-01,50.05471420288086,4.098326683044434
2019-08-02,48.995635986328125,4.0056352615356445
2019-08-05,46.43083953857422,3.7471907138824463
2019-08-06,47.309783935546875,3.7859561443328857
2019-08-07,47.799686431884766,3.824225902557373
2019-08-08,48.85395812988281,3.9328224658966064
2019-08-09,48.451377868652344,3.831432819366455
2019-08-12,48.328433990478516,3.7635908126831055
2019-08-13,50.37506866455078,3.8779029846191406
2019-08-14,48.87565231323242,3.729297637939453
2019-08-15,48.63218307495117,3.6969916820526123
2019-08-16,49.77964782714844,3.96512770652771
2019-08-19,50.70773696899414,4.2439494132995605
2019-08-20,50.71014404296875,4.171634674072266
2019-08-21,51.25977325439453,4.255131721496582
2019-08-22,51.21638107299805,4.261344909667969
2019-08-23,48.8491325378418,4.0366973876953125
2019-08-26,49.7772331237793,4.111495494842529
2019-08-27,49.21555709838867,4.020791053771973
2019-08-28,49.545806884765625,4.010345935821533
2019-08-29,50.38471603393555,4.154123783111572
2019-08-30,50.31961441040039,4.166807651519775
2019-09-03,49.586788177490234,4.083725929260254
2019-09-04,50.428104400634766,4.197902202606201
2019-09-05,51.414058685302734,4.471029758453369
2019-09-06,51.40922927856445,4.443916320800781
2019-09-09,51.628597259521484,4.489935874938965
2019-09-10,52.238487243652344,4.556600093841553
2019-09-11,53.8994140625,4.585206985473633
2019-09-12,53.77888488769531,4.583713054656982
2019-09-13,52.732666015625,4.525755882263184
2019-09-16,53.009891510009766,4.482721328735352
2019-09-17,53.20274353027344,4.504114627838135
2019-09-18,53.701751708984375,4.477000713348389
2019-09-19,53.265419006347656,4.4013800621032715
2019-09-20,52.486785888671875,4.295660495758057
2019-09-23,52.725440979003906,4.349142074584961
2019-09-24,52.474727630615234,4.291682243347168
2019-09-25,53.282291412353516,4.433469772338867
2019-09-26,53.00748825073242,4.411329746246338
2019-09-27,52.749542236328125,4.272528171539307
2019-09-30,53.991031646728516,4.329989910125732
2019-10-01,54.140480041503906,4.3282470703125
2019-10-02,52.78329086303711,4.304368019104004
2019-10-03,53.23167037963867,4.51008415222168
2019-10-04,54.72385025024414,4.52650260925293
2019-10-07,54.73591613769531,4.585206985473633
2019-10-08,54.09468078613281,4.408594131469727
2019-10-09,54.728675842285156,4.495159149169922
2019-10-10,55.46633529663086,4.552868366241455
2019-10-11,56.941646575927734,4.626498222351074
2019-10-14,56.859676361083984,4.6399312019348145
2019-10-15,56.727088928222656,4.884700298309326
2019-10-16,56.498077392578125,4.8309712409973145
2019-10-17,56.71745300292969,4.832961559295654
2019-10-18,56.98985290527344,4.7384352684021
2019-10-21,57.97820281982422,4.875746726989746
2019-10-22,57.84562683105469,4.865796089172363
2019-10-23,58.62185287475586,4.852861404418945
2019-10-24,58.718284606933594,4.896889686584473
2019-10-25,59.44146728515625,5.087930679321289
2019-10-28,60.036895751953125,5.143900394439697
2019-10-29,58.64836502075195,5.047633171081543
2019-10-30,58.64113998413086,5.04962158203125
2019-10-31,59.96697998046875,5.000370502471924
2019-11-01,61.66890335083008,5.039424419403076
2019-11-04,62.073883056640625,5.236185073852539
2019-11-05,61.98469543457031,5.214048385620117
2019-11-06,62.011199951171875,5.164793968200684
2019-11-07,62.72688674926758,5.182453632354736
2019-11-08,62.89857482910156,5.168524265289307
2019-11-11,63.39665222167969,5.1784749031066895
2019-11-12,63.33860778808594,5.214048385620117
2019-11-13,63.94551467895508,5.188174724578857
2019-11-14,63.50303649902344,5.2185235023498535
2019-11-15,64.25741577148438,5.0792236328125
2019-11-18,64.58140563964844,5.280462741851807
2019-11-19,64.38556671142578,5.173748016357422
2019-11-20,63.63603973388672,5.253100872039795
2019-11-21,63.3507080078125,5.228224754333496
2019-11-22,63.295101165771484,5.245887279510498
2019-11-25,64.40489196777344,5.5025954246521
2019-11-26,63.90199279785156,5.397872447967529
2019-11-27,64.76033782958984,5.432723045349121
2019-11-29,64.61768341064453,5.395383358001709
2019-12-02,63.870540618896484,5.208930492401123
2019-12-03,62.73172378540039,5.169351577758789
2019-12-04,63.285438537597656,5.21316385269165
2019-12-05,64.21388244628906,5.196237087249756
2019-12-06,65.45425415039062,5.281620025634766
2019-12-09,64.53787994384766,5.281620025634766
2019-12-10,64.91507720947266,5.326678276062012
2019-12-11,65.46875762939453,5.410318374633789
2019-12-12,65.63558959960938,5.577851295471191
2019-12-13,66.52780151367188,5.575859546661377
2019-12-16,67.6666030883789,5.604734420776367
2019-12-17,67.79960632324219,5.682900428771973
2019-12-18,67.63760375976562,5.713271141052246
2019-12-19,67.70529174804688,5.861387252807617
2019-12-20,67.56505584716797,5.958718776702881
2019-12-23,68.66759490966797,5.945026874542236
2019-12-24,68.7328872680664,5.940049648284912
2019-12-26,70.0965805053711,5.9542388916015625
2019-12-27,70.06997680664062,5.896485328674316
2019-12-30,70.48584747314453,5.7832207679748535
2019-12-31,71.00084686279297,5.857403755187988
2020-01-02,72.6208267211914,5.972161293029785
2020-01-03,71.91480255126953,5.876571178436279
2020-01-06,72.48784637451172,5.901214599609375
2020-01-07,72.14694213867188,5.972659111022949
2020-01-08,73.3074951171875,5.983861446380615
2020-01-09,74.86463165283203,6.049579620361328
2020-01-10,75.03385925292969,6.0819411277771
2020-01-13,76.6369400024414,6.272624492645264
2020-01-14,75.6020736694336,6.155625820159912
2020-01-15,75.27806854248047,6.113057613372803
2020-01-16,76.22103881835938,6.196699619293213
2020-01-17,77.06489562988281,6.205411911010742
2020-01-21,76.5426254272461,6.172054767608643
2020-01-22,76.81584930419922,6.22607421875
2020-01-23,77.185791015625,6.294529914855957
2020-01-24,76.96334075927734,6.235284805297852
2020-01-27,74.70021057128906,5.979380130767822
2020-01-28,76.81343078613281,6.172801494598389
2020-01-29,78.42131805419922,6.112310886383057
2020-01-30,78.30767059326172,6.11903190612793
2020-01-31,74.83560943603516,5.885533809661865
2020-02-03,74.63008117675781,5.982615947723389
2020-02-04,77.09391021728516,6.151891231536865
2020-02-05,77.72254180908203,6.242254734039307
2020-02-06,78.63167572021484,6.329132556915283
2020-02-07,77.5628433227539,6.26291561126709
2020-02-10,77.93124389648438,6.546202659606934
2020-02-11,77.46106719970703,6.668676376342773
2020-02-12,79.30055236816406,6.784431457519531
2020-02-13,78.73588562011719,6.740617275238037
2020-02-14,78.7552490234375,7.213841915130615
2020-02-18,77.3132095336914,7.3826189041137695
2020-02-19,78.43295288085938,7.833932876586914
2020-02-20,77.62830352783203,7.684574604034424
2020-02-21,75.87117004394531,7.320385456085205
2020-02-24,72.26726531982422,6.802851676940918
2020-02-25,69.81941986083984,6.5233001708984375
2020-02-26,70.927001953125,6.6627020835876465
2020-02-27,66.29065704345703,6.291818618774414
2020-02-28,66.2518539428711,6.726965427398682
2020-03-02,72.4199447631836,6.885382652282715
2020-03-03,70.11993408203125,6.622848987579346
2020-03-04,73.37242889404297,7.086641311645508
2020-03-05,70.99244689941406,6.8071699142456055
2020-03-06,70.0496597290039,6.626585483551025
2020-03-09,64.50928497314453,6.113476276397705
2020-03-10,69.15534973144531,6.503040790557861
2020-03-11,66.75354766845703,6.139131546020508
2020-03-12,60.16132736206055,5.387899398803711
2020-03-13,67.36914825439453,5.998898506164551
2020-03-16,58.70230484008789,4.891976833343506
2020-03-17,61.283451080322266,5.411811351776123
2020-03-18,59.783233642578125,5.051887035369873
2020-03-19,59.325172424316406,5.304705619812012
2020-03-20,55.558876037597656,5.124867916107178
2020-03-23,54.37858963012695,5.297731399536133
2020-03-24,59.83414077758789,6.206632614135742
2020-03-25,59.504520416259766,6.117959499359131
2020-03-26,62.63582992553711,6.407393455505371
2020-03-27,60.042564392089844,6.295056343078613
2020-03-30,61.75606155395508,6.615377426147461
2020-03-31,61.63002014160156,6.565810680389404
2020-04-01,58.387237548828125,6.054443359375
2020-04-02,59.36152267456055,6.363306045532227
2020-04-03,58.50841522216797,6.075366973876953
2020-04-06,63.612552642822266,6.685367584228516
2020-04-07,62.875755310058594,6.4519782066345215
2020-04-08,64.48504638671875,6.649252414703369
2020-04-09,64.95037841796875,6.549619674682617
2020-04-13,66.22520446777344,6.721487045288086
2020-04-14,69.56977844238281,7.072691440582275
2020-04-15,68.93479919433594,6.995229244232178
2020-04-16,69.48253631591797,7.340455532073975
2020-04-17,68.53975677490234,7.281174182891846
2020-04-20,67.11708068847656,7.149908065795898
2020-04-21,65.04248809814453,6.713016510009766
2020-04-22,66.9159164428711,7.127490520477295
2020-04-23,66.65660858154297,7.074186325073242
2020-04-24,68.58094787597656,7.213174343109131
2020-04-27,68.62943267822266,7.39973783493042
2020-04-28,67.5169906616211,7.257262706756592
2020-04-29,69.73458862304688,7.434110641479492
2020-04-30,71.20571899414062,7.280177593231201
2020-05-01,70.05934143066406,7.04355001449585
2020-05-04,71.05061340332031,7.255517959594727
2020-05-05,72.11698150634766,7.316543102264404
2020-05-06,72.86105346679688,7.417421817779541
2020-05-07,73.61479949951172,7.593771457672119
2020-05-08,75.36695098876953,7.783823490142822
2020-05-11,76.55286407470703,8.035892486572266
2020-05-12,75.67800903320312,7.773858070373535
2020-05-13,74.76426696777344,7.751441478729248
2020-05-14,75.22356414794922,8.001025199890137
2020-05-15,74.77884674072266,8.459583282470703
2020-05-18,76.54071044921875,8.718131065368652
2020-05-19,76.09843444824219,8.773178100585938
2020-05-20,77.57842254638672,8.93707275390625
2020-05-21,77.00003051757812,8.74303913116455
2020-05-22,77.49578094482422,8.99311637878418
2020-05-26,76.97087860107422,8.685747146606445
2020-05-27,77.30621337890625,8.493955612182617
2020-05-28,77.34024047851562,8.455846786499023
2020-05-29,77.26490020751953,8.842920303344727
2020-06-01,78.2151107788086,8.773924827575684
2020-06-02,78.57720947265625,8.792854309082031
2020-06-03,79.00975799560547,8.73730754852295
2020-06-04,78.3293228149414,8.738306045532227
2020-06-05,80.56023406982422,8.891313552856445
2020-06-08,81.03652954101562,8.77668285369873
2020-06-09,83.59549713134766,9.016905784606934
2020-06-10,85.7462158203125,9.336625099182129
2020-06-11,81.62950897216797,8.767960548400879
2020-06-12,82.33424377441406,8.90377426147461
2020-06-15,83.35248565673828,9.144247055053711
2020-06-16,85.5615234375,9.039334297180176
2020-06-17,85.44245910644531,9.20629596710205
2020-06-18,85.47645568847656,9.188355445861816
2020-06-19,84.98800659179688,9.231464385986328
2020-06-22,87.21160888671875,9.496110916137695
2020-06-23,89.07310485839844,9.419608116149902
2020-06-24,87.50080871582031,9.205798149108887
2020-06-25,88.66240692138672,9.459479331970215
2020-06-26,85.93820190429688,9.125555992126465
2020-06-29,87.91878509521484,9.17041301727295
2020-06-30,88.65269470214844,9.467204093933105
2020-07-01,88.48501586914062,9.499349594116211
2020-07-02,88.48501586914062,9.581335067749023
2020-07-06,90.85200500488281,9.807604789733887
2020-07-07,90.57009887695312,9.840002059936523
2020-07-08,92.67949676513672,10.183145523071289
2020-07-09,93.07804870605469,10.475202560424805
2020-07-10,93.24087524414062,10.445548057556152
2020-07-13,92.81074523925781,10.01992130279541
2020-07-14,94.34658813476562,10.343624114990234
2020-07-15,94.99543762207031,10.194356918334961
2020-07-16,93.82654571533203,10.102155685424805
2020-07-17,93.63699340820312,10.168686866760254
2020-07-20,95.6102523803711,10.476945877075195
2020-07-21,94.29068756103516,10.295282363891602
2020-07-22,94.55558776855469,10.405179023742676
2020-07-23,90.25175476074219,10.097171783447266
2020-07-24,90.02816772460938,10.161715507507324
2020-07-27,92.16187286376953,10.387983322143555
2020-07-28,90.64788055419922,10.182647705078125
2020-07-29,92.38545227050781,10.431842803955078
2020-07-30,93.5033187866211,10.579864501953125
2020-07-31,103.29206085205078,10.580612182617188
2020-08-03,105.89476776123047,10.974841117858887
2020-08-04,106.6019515991211,11.191638946533203
2020-08-05,106.98834991455078,11.250452995300293
2020-08-06,110.7210922241211,11.299042701721191
2020-08-07,108.20377349853516,11.163482666015625
2020-08-10,109.77649688720703,11.129091262817383
2020-08-11,106.51174926757812,10.815107345581055
2020-08-12,110.05158996582031,11.403458595275879
2020-08-13,111.99922943115234,11.406197547912598
2020-08-14,111.89942932128906,11.526811599731445
2020-08-17,111.60728454589844,12.297322273254395
2020-08-18,112.53728485107422,12.221318244934082
2020-08-19,112.67847442626953,12.09946060180664
2020-08-20,115.17877197265625,12.101951599121094
2020-08-21,121.11421203613281,12.642707824707031
2020-08-24,122.56275939941406,12.679340362548828
2020-08-25,121.55730438232422,12.708993911743164
2020-08-26,123.21036529541016,12.731922149658203
2020-08-27,121.73747253417969,12.587636947631836
2020-08-28,121.54026794433594,13.105463981628418
2020-08-31,125.66194915771484,13.331485748291016
2020-09-01,130.66738891601562,13.780670166015625
2020-09-02,127.9601821899414,14.304638862609863
2020-09-03,117.71559143066406,12.977522850036621
2020-09-04,117.79348754882812,12.585668563842773
2020-09-08,109.86659240722656,11.878240585327148
2020-09-09,114.24876403808594,12.677899360656738
2020-09-10,110.51902770996094,12.275826454162598
2020-09-11,109.06804656982422,12.129007339477539
2020-09-14,112.34008026123047,12.83469009399414
2020-09-15,112.51535034179688,12.953091621398926
2020-09-16,109.19463348388672,12.477983474731445
2020-09-17,107.45149993896484,12.427133560180664
2020-09-18,104.0430908203125,12.153684616088867
2020-09-21,107.19828796386719,12.48072624206543
2020-09-22,108.88299560546875,12.600873947143555
2020-09-23,104.31578063964844,12.088373184204102
2020-09-24,105.38700103759766,12.311970710754395
2020-09-25,109.34070587158203,12.83618450164795
2020-09-28,111.95056915283203,12.996963500976562
2020-09-29,111.10330963134766,13.18715763092041
2020-09-30,112.7782974243164,13.491020202636719
2020-10-01,113.73265075683594,13.574775695800781
2020-10-02,110.06132507324219,13.02413558959961
2020-10-05,113.45024108886719,13.602691650390625
2020-10-06,110.19766235351562,13.696417808532715
2020-10-07,112.06739807128906,13.923254013061523
2020-10-08,111.96028900146484,13.798371315002441
2020-10-09,113.90792846679688,13.722591400146484
2020-10-12,121.14341735839844,14.184489250183105
2020-10-13,117.92980194091797,14.206673622131348
2020-10-14,118.01746368408203,14.054121017456055
2020-10-15,117.55000305175781,13.929238319396973
2020-10-16,115.90426635742188,13.771199226379395
2020-10-19,112.94384002685547,13.45836353302002
2020-10-20,114.43379211425781,13.605685234069824
2020-10-21,113.81056213378906,13.485286712646484
2020-10-22,112.71985626220703,13.322013854980469
2020-10-23,112.02845001220703,13.55059814453125
2020-10-26,112.03820037841797,13.102906227111816
2020-10-27,113.5476303100586,13.357659339904785
2020-10-28,108.28897094726562,12.590157508850098
2020-10-29,112.30111694335938,12.985998153686523
2020-10-30,106.01023864746094,12.497428894042969
2020-11-02,105.9225845336914,12.544041633605957
2020-11-03,107.54888153076172,12.981510162353516
2020-11-04,111.94082641601562,13.753999710083008
2020-11-05,115.91400909423828,14.118684768676758
2020-11-06,115.7823257446289,14.519510269165039
2020-11-09,113.47037506103516,13.59097671508789
2020-11-10,113.12896728515625,12.73273754119873
2020-11-11,116.56270599365234,13.3788480758667
2020-11-12,116.28958129882812,13.41748332977295
2020-11-13,116.3383560180664,13.25820255279541
2020-11-16,117.3528823852539,13.475815773010254
2020-11-17,116.46515655517578,13.383086204528809
2020-11-18,115.13847351074219,13.389567375183105
2020-11-19,115.73353576660156,13.401032447814941
2020-11-20,114.46538543701172,13.049562454223633
2020-11-23,111.06087493896484,13.101661682128906
2020-11-24,112.34854888916016,12.919939994812012
2020-11-25,113.18746948242188,13.196134567260742
2020-11-27,113.73375701904297,13.222554206848145
2020-11-30,116.13350677490234,13.362396240234375
2020-12-01,119.7136001586914,13.350930213928223
2020-12-02,120.06475830078125,13.50498104095459
2020-12-03,119.9281997680664,13.360857963562012
2020-12-04,119.25511932373047,13.522682189941406
2020-12-07,120.71833801269531,13.57105541229248
2020-12-08,121.3328857421875,13.314980506896973
2020-12-09,118.796630859375,12.89682674407959
2020-12-10,120.22083282470703,12.938220024108887
2020-12-11,119.41117095947266,12.979113578796387
2020-12-14,118.796630859375,13.27383804321289
2020-12-15,124.74718475341797,13.325451850891113
2020-12-16,124.67889404296875,13.207761764526367
2020-12-17,125.54705810546875,13.30625057220459
2020-12-18,123.55706787109375,13.237183570861816
2020-12-21,125.08859252929688,13.29727554321289
2020-12-22,128.649169921875,13.243415832519531
2020-12-23,127.7517318725586,12.975120544433594
2020-12-24,128.7369842529297,12.959662437438965
2020-12-28,133.34133911132812,12.86616039276123
2020-12-29,131.56593322753906,12.909296035766602
2020-12-30,130.4441375732422,13.1112642288208
2020-12-31,129.43931579589844,13.020752906799316
2021-01-04,126.23968505859375,13.07909870147705
2021-01-05,127.80048370361328,13.369584083557129
2021-01-06,123.49852752685547,12.581408500671387
2021-01-07,127.71269989013672,13.308995246887207
2021-01-08,128.8150177001953,13.241921424865723
2021-01-11,125.82022094726562,13.58576488494873
2021-01-12,125.64463806152344,13.449376106262207
2021-01-13,127.68343353271484,13.49625301361084
2021-01-14,125.75193786621094,13.165620803833008
2021-01-15,124.0252914428711,12.825766563415527
2021-01-19,124.69840240478516,12.991080284118652
2021-01-20,128.79550170898438,13.330687522888184
2021-01-21,133.51695251464844,13.831121444702148
2021-01-22,135.66305541992188,13.67652702331543
2021-01-25,139.41873168945312,13.61743450164795
2021-01-26,139.65289306640625,13.400006294250488
2021-01-27,138.57981872558594,12.88386344909668
2021-01-28,133.7315216064453,13.016761779785156
2021-01-29,128.72723388671875,12.95567512512207
2021-02-01,130.8538360595703,13.202274322509766
2021-02-02,131.6829833984375,13.521186828613281
2021-02-03,130.65872192382812,13.495006561279297
2021-02-04,134.02418518066406,13.62840461730957
2021-02-05,133.6090087890625,13.555347442626953
2021-02-08,133.7555389404297,14.400872230529785
2021-02-09,132.8762664794922,14.22583293914795
2021-02-10,132.27056884765625,14.725519180297852
2021-02-11,132.0165252685547,15.210742950439453
2021-02-12,132.25100708007812,14.922001838684082
2021-02-16,130.1212158203125,15.290034294128418
2021-02-17,127.82536315917969,14.866896629333496
2021-02-18,126.72144317626953,14.790099143981934
2021-02-19,126.87773132324219,14.887344360351562
2021-02-22,123.0969009399414,14.31809139251709
2021-02-23,122.9601058959961,14.104901313781738
2021-02-24,122.46185302734375,14.460965156555176
2021-02-25,118.20233154296875,13.272589683532715
2021-02-26,118.46610260009766,13.678523063659668
2021-03-01,124.84566497802734,13.805437088012695
2021-03-02,122.2371826171875,13.37108325958252
2021-03-03,119.24768829345703,12.771160125732422
2021-03-04,117.36213684082031,12.337799072265625
2021-03-05,118.6224136352539,12.428808212280273
2021-03-08,113.67901611328125,11.562837600708008
2021-03-09,118.3000259399414,12.491715431213379
2021-03-10,117.2155990600586,12.439835548400879
2021-03-11,119.14999389648438,12.963886260986328
2021-03-12,118.24140930175781,12.826701164245605
2021-03-15,121.13321685791016,13.161187171936035
2021-03-16,122.67680358886719,13.260956764221191
2021-03-17,121.88545989990234,13.310843467712402
2021-03-18,117.75291442871094,12.693504333496094
2021-03-19,117.22535705566406,12.816473007202148
2021-03-22,120.54704284667969,13.156198501586914
2021-03-23,119.71662139892578,13.040961265563965
2021-03-24,117.32304382324219,12.61418628692627
2021-03-25,117.81153869628906,12.506682395935059
2021-03-26,118.41727447509766,12.809989929199219
2021-03-29,118.59312438964844,12.918739318847656
2021-03-30,117.13743591308594,12.842414855957031
2021-03-31,119.33560943603516,13.317831039428711
2021-04-01,120.166015625,13.78027057647705
2021-04-05,122.99918365478516,13.955621719360352
2021-04-06,123.30207061767578,13.829910278320312
2021-04-07,124.95313262939453,14.11126708984375
2021-04-08,127.35647583007812,14.284370422363281
2021-04-09,129.93563842773438,14.367181777954102
2021-04-12,128.21620178222656,15.174336433410645
2021-04-13,131.33265686035156,15.64376449584961
2021-04-14,128.9879608154297,15.242182731628418
2021-04-15,131.4010772705078,16.100473403930664
2021-04-16,131.06890869140625,15.876235961914062
2021-04-19,131.7332305908203,15.326740264892578
2021-04-20,130.0430908203125,15.136673927307129
2021-04-21,130.42410278320312,15.325492858886719
2021-04-22,128.9000244140625,14.816404342651367
2021-04-23,131.22520446777344,15.230459213256836
2021-04-26,131.615966796875,15.44272518157959
2021-04-27,131.2935791015625,15.346694946289062
2021-04-28,130.5022735595703,15.241933822631836
2021-04-29,130.40457153320312,15.28982162475586
2021-04-30,128.43112182617188,14.97529125213623
2021-05-03,129.48622131347656,14.802935600280762
2021-05-04,124.90428161621094,14.31854248046875
2021-05-05,125.14852905273438,14.425549507141113
2021-05-06,126.750732421875,14.489900588989258
2021-05-07,127.42597198486328,14.778491973876953
2021-05-10,124.1378173828125,14.233238220214844
2021-05-11,123.2179183959961,14.273645401000977
2021-05-12,120.14503479003906,13.727141380310059
2021-05-13,122.29800415039062,13.634105682373047
2021-05-14,124.72499084472656,14.210541725158691
2021-05-17,123.5702133178711,14.13321590423584
2021-05-18,122.1805648803711,13.983807563781738
2021-05-19,122.02400207519531,14.033695220947266
2021-05-20,124.58798217773438,14.579198837280273
2021-05-21,122.74817657470703,14.957582473754883
2021-05-24,124.38246154785156,15.576419830322266
2021-05-25,124.18675994873047,15.612089157104492
2021-05-26,124.1378173828125,15.66421890258789
2021-05-27,122.60137176513672,15.4527006149292
2021-05-28,121.9457015991211,16.207477569580078
2021-06-01,121.62276458740234,16.227432250976562
2021-06-02,122.38607025146484,16.74001121520996
2021-06-03,120.8985824584961,16.93107795715332
2021-06-04,123.1983413696289,17.53818702697754
2021-06-07,123.20811462402344,17.578847885131836
2021-06-08,124.03016662597656,17.41721534729004
2021-06-09,124.41181945800781,17.322656631469727
2021-06-10,123.41364288330078,17.389272689819336
2021-06-11,124.62712860107422,17.7887020111084
2021-06-14,127.69020080566406,17.98180389404297
2021-06-15,126.86814880371094,17.75202751159668
2021-06-16,127.36724853515625,17.77372932434082
2021-06-17,128.97218322753906,18.618989944458008
2021-06-18,127.67063903808594,18.600536346435547
2021-06-21,129.4713134765625,18.38946533203125
2021-06-22,131.11537170410156,18.8480281829834
2021-06-23,130.84136962890625,19.01817512512207
2021-06-24,130.55758666992188,19.166122436523438
2021-06-25,130.26397705078125,18.99197769165039
2021-06-28,131.89825439453125,19.94402313232422
2021-06-29,133.41513061523438,19.985689163208008
2021-06-30,134.03163146972656,19.961488723754883
2021-07-01,134.33505249023438,20.17055892944336
2021-07-02,136.96751403808594,20.444990158081055
2021-07-06,138.98345947265625,20.65605926513672
2021-07-07,141.4789581298828,20.329980850219727
2021-07-08,140.17739868164062,19.8619384765625
2021-07-09,142.00738525390625,20.009138107299805
2021-07-12,141.41043090820312,20.470441818237305
2021-07-13,142.52603149414062,20.208480834960938
2021-07-14,145.9610137939453,19.800817489624023
2021-07-15,145.3053741455078,18.92736053466797
2021-07-16,143.260009765625,18.123762130737305
2021-07-19,139.40428161621094,18.74124526977539
2021-07-20,143.025146484375,18.573835372924805
2021-07-21,142.29119873046875,19.37019920349121
2021-07-22,143.66127014160156,19.553821563720703
2021-07-23,145.38365173339844,19.517902374267578
2021-07-26,145.804443359375,19.25444221496582
2021-07-27,143.63189697265625,19.168617248535156
2021-07-28,141.88018798828125,19.4630126953125
2021-07-29,142.52603149414062,19.621686935424805
2021-07-30,142.74136352539062,19.459014892578125
2021-08-02,142.40863037109375,19.709505081176758
2021-08-03,144.2092742919922,19.774368286132812
2021-08-04,143.80807495117188,20.232433319091797
2021-08-05,143.9157257080078,20.594682693481445
2021-08-06,143.22962951660156,20.324241638183594
2021-08-09,143.18063354492188,20.253385543823242
2021-08-10,142.70042419433594,19.895122528076172
2021-08-11,142.95523071289062,19.65860939025879
2021-08-12,145.92486572265625,19.864185333251953
2021-08-13,146.13070678710938,20.146608352661133
2021-08-16,148.11045837402344,19.909095764160156
2021-08-17,147.19900512695312,19.41810417175293
2021-08-18,143.44528198242188,19.000961303710938
2021-08-19,143.77847290039062,19.75740623474121
2021-08-20,145.23883056640625,20.773317337036133
2021-08-23,146.72853088378906,21.912973403930664
2021-08-24,146.64036560058594,21.748313903808594
2021-08-25,145.4054412841797,22.167451858520508
2021-08-26,144.60174560546875,22.022750854492188
2021-08-27,145.6406707763672,22.589588165283203
2021-08-30,150.0706787109375,22.641483306884766
2021-08-31,148.8063507080078,22.34304428100586
2021-09-01,149.47279357910156,22.398937225341797
2021-09-02,150.590087890625,22.35401725769043
2021-09-03,151.22715759277344,22.80018424987793
2021-09-07,153.56954956054688,22.619525909423828
2021-09-08,152.02098083496094,22.297130584716797
2021-09-09,151.00169372558594,22.13543128967285
2021-09-10,146.00332641601562,22.435863494873047
2021-09-13,146.5717315673828,22.110477447509766
2021-09-14,145.1702117919922,22.20030975341797
2021-09-15,146.06210327148438,22.299121856689453
2021-09-16,145.8268585205078,22.20030975341797
2021-09-17,143.15122985839844,21.858951568603516
2021-09-20,140.09339904785156,21.073427200317383
2021-09-21,140.57362365722656,21.206178665161133
2021-09-22,142.94544982910156,21.89987564086914
2021-09-23,143.90589904785156,22.439863204956055
2021-09-24,143.99412536621094,22.039608001708984
2021-09-27,142.47496032714844,21.619401931762695
2021-09-28,139.08392333984375,20.660198211669922
2021-09-29,139.985595703125,20.47854232788086
2021-09-30,138.68206787109375,20.677169799804688
2021-10-01,139.8091583251953,20.703123092651367
2021-10-04,136.3690185546875,19.69501304626465
2021-10-05,138.29981994628906,20.41266441345215
2021-10-06,139.1720733642578,20.66119956970215
2021-10-07,140.43638610839844,21.035497665405273
2021-10-08,140.0541534423828,20.79195785522461
2021-10-11,139.96595764160156,20.65620994567871
2021-10-12,138.6918487548828,20.632253646850586
2021-10-13,138.10382080078125,20.899749755859375
2021-10-14,140.8970184326172,21.705236434936523
2021-10-15,141.95555114746094,21.821020126342773
2021-10-18,143.6314697265625,22.180347442626953
2021-10-19,145.79747009277344,22.248218536376953
2021-10-20,146.28750610351562,22.061569213867188
2021-10-21,146.5031280517578,22.649465560913086
2021-10-22,145.72886657714844,22.683399200439453
2021-10-25,145.67984008789062,23.122573852539062
2021-10-26,146.3463134765625,24.670671463012695
2021-10-27,145.8856964111328,24.405170440673828
2021-10-28,149.53158569335938,24.894250869750977
2021-10-29,146.81674194335938,25.51907730102539
2021-11-01,145.99349975585938,25.778593063354492
2021-11-02,147.0323944091797,26.351512908935547
2021-11-03,148.47314453125,26.54814338684082
2021-11-04,147.95367431640625,29.745140075683594
2021-11-05,148.48367309570312,29.69623565673828
2021-11-08,147.65919494628906,30.746265411376953
2021-11-09,148.02235412597656,30.599536895751953
2021-11-10,145.185791015625,29.403789520263672
2021-11-11,145.13671875,30.333040237426758
2021-11-12,147.21754455566406,30.333040237426758
2021-11-15,147.2273406982422,29.968717575073242
2021-11-16,148.20887756347656,30.146387100219727
2021-11-17,150.65283203125,29.206151962280273
2021-11-18,154.9518585205078,31.61562728881836
2021-11-19,157.58233642578125,32.92317199707031
2021-11-22,158.04367065429688,31.89609718322754
2021-11-23,158.42642211914062,31.68649673461914
2021-11-24,158.9466552734375,32.61275863647461
2021-11-26,153.9114532470703,31.443950653076172
2021-11-29,157.2780303955078,33.31344223022461
2021-11-30,162.2445526123047,32.614749908447266
2021-12-01,161.72430419921875,31.379919052124023
2021-12-02,160.73301696777344,32.0697021484375
2021-12-03,158.84849548339844,30.639219284057617
2021-12-06,162.26419067382812,29.984375
2021-12-07,168.01583862304688,32.370174407958984
2021-12-08,171.84378051757812,31.770235061645508
2021-12-09,171.33334350585938,30.436574935913086
2021-12-10,176.13296508789062,30.145092010498047
2021-12-13,172.4915771484375,28.111656188964844
2021-12-14,171.10760498046875,28.2873477935791
2021-12-15,175.9857635498047,30.405624389648438
2021-12-16,169.07586669921875,28.33725929260254
2021-12-17,167.97654724121094,27.752286911010742
2021-12-20,166.61227416992188,27.67043113708496
2021-12-21,169.79237365722656,29.02405548095703
2021-12-22,172.39340209960938,29.348487854003906
2021-12-23,173.02154541015625,29.588064193725586
2021-12-27,176.99671936035156,30.890775680541992
2021-12-28,175.9759521484375,30.268871307373047
2021-12-29,176.06427001953125,29.948429107666016
2021-12-30,174.9060516357422,29.53415870666504
2021-12-31,174.2877197265625,29.359468460083008
2022-01-03,178.64566040039062,30.068222045898438
2022-01-04,176.37835693359375,29.238683700561523
2022-01-05,171.6866912841797,27.555631637573242
2022-01-06,168.82069396972656,28.12862777709961
2022-01-07,168.987548828125,27.199256896972656
2022-01-10,169.00717163085938,27.351985931396484
2022-01-11,171.84378051757812,27.76825714111328
2022-01-12,172.2854461669922,27.949941635131836
2022-01-13,169.00717163085938,26.5284366607666
2022-01-14,169.8708953857422,26.894792556762695
2022-01-18,166.66136169433594,25.85761070251465
2022-01-19,163.15733337402344,25.023075103759766
2022-01-20,161.46910095214844,24.107685089111328
2022-01-21,159.40797424316406,23.333044052124023
2022-01-24,158.63255310058594,23.331043243408203
2022-01-25,156.82655334472656,22.28488540649414
2022-01-26,156.73822021484375,22.732099533081055
2022-01-27,156.27691650390625,21.905553817749023
2022-01-28,167.18154907226562,22.79998016357422
2022-01-31,171.54930114746094,24.443096160888672
2022-02-01,171.3824462890625,24.594831466674805
2022-02-02,172.58969116210938,25.19777488708496
2022-02-03,169.70401000976562,23.906036376953125
2022-02-04,169.41903686523438,24.276386260986328
2022-02-07,168.70162963867188,24.68467140197754
2022-02-08,171.81703186035156,25.06400489807129
2022-02-09,173.24200439453125,26.658203125
2022-02-10,169.15370178222656,25.778749465942383
2022-02-11,165.7336883544922,23.907032012939453
2022-02-14,165.96954345703125,24.224483489990234
2022-02-15,169.81214904785156,26.448577880859375
2022-02-16,169.5762939453125,26.46454620361328
2022-02-17,165.96954345703125,24.46405792236328
2022-02-18,164.416748046875,23.600574493408203
2022-02-22,161.48814392089844,23.349016189575195
2022-02-23,157.31134033203125,22.347774505615234
2022-02-24,159.9353485107422,23.706388473510742
2022-02-25,162.00900268554688,24.114673614501953
2022-02-28,162.2743377685547,24.342269897460938
2022-03-01,160.38743591308594,23.435863494873047
2022-03-02,163.6895294189453,24.181682586669922
2022-03-03,163.36520385742188,23.676483154296875
2022-03-04,160.35792541503906,22.89971351623535
2022-03-07,156.55462646484375,21.318218231201172
2022-03-08,154.72669982910156,21.479963302612305
2022-03-09,160.1417236328125,22.977590560913086
2022-03-10,155.7880859375,22.622154235839844
2022-03-11,152.06338500976562,22.065034866333008
2022-03-14,148.0242156982422,21.29625129699707
2022-03-15,152.41717529296875,22.93665313720703
2022-03-16,156.83963012695312,24.457244873046875
2022-03-17,157.85189819335938,24.726818084716797
2022-03-18,161.15396118164062,26.411148071289062
2022-03-21,162.5298614501953,26.69170379638672
2022-03-22,165.9105682373047,26.482038497924805
2022-03-23,167.27662658691406,25.593446731567383
2022-03-24,171.07009887695312,28.1054630279541
2022-03-25,171.70887756347656,27.6481876373291
2022-03-28,172.57374572753906,28.17435646057129
2022-03-29,175.87583923339844,28.61066246032715
2022-03-30,174.70632934570312,27.646190643310547
2022-03-31,171.6007843017578,27.242828369140625
2022-04-01,171.3059539794922,26.669734954833984
2022-04-04,175.36474609375,27.316715240478516
2022-04-05,172.0430145263672,25.889976501464844
2022-04-06,168.8687286376953,24.36838150024414
2022-04-07,169.17337036132812,24.16969871520996
2022-04-08,167.15867614746094,23.082422256469727
2022-04-11,162.89349365234375,21.882322311401367
2022-04-12,164.77056884765625,21.469980239868164
2022-04-13,167.46331787109375,22.167871475219727
2022-04-14,162.44142150878906,21.224367141723633
2022-04-18,162.22523498535156,21.748537063598633
2022-04-19,164.5150146484375,22.162879943847656
2022-04-20,164.34793090820312,21.448013305664062
2022-04-21,163.5519256591797,20.151073455810547
2022-04-22,159.0017547607422,19.48412322998047
2022-04-25,160.0729522705078,19.870513916015625
2022-04-26,154.0977325439453,18.758275985717773
2022-04-27,153.87168884277344,18.385868072509766
2022-04-28,160.81982421875,19.750701904296875
2022-04-29,154.9330596923828,18.517658233642578
2022-05-02,155.2377471923828,19.502098083496094
2022-05-03,156.7315216064453,19.570987701416016
2022-05-04,163.15884399414062,20.301828384399414
2022-05-05,154.0682373046875,18.814186096191406
2022-05-06,154.7965545654297,18.64545440673828
2022-05-09,149.6589813232422,16.923185348510742
2022-05-10,152.07029724121094,17.567163467407227
2022-05-11,144.186767578125,16.603687286376953
2022-05-12,140.30899047851562,16.14940643310547
2022-05-13,144.78712463378906,17.67798614501953
2022-05-16,143.24191284179688,17.236684799194336
2022-05-17,146.88351440429688,18.148244857788086
2022-05-18,138.5964813232422,16.91120147705078
2022-05-19,135.18125915527344,17.09691047668457
2022-05-20,135.4174041748047,16.667591094970703
2022-05-23,140.85028076171875,16.871267318725586
2022-05-24,138.14370727539062,16.128440856933594
2022-05-25,138.30116271972656,16.948143005371094
2022-05-26,141.5097198486328,17.822757720947266
2022-05-27,147.2771759033203,18.781240463256836
2022-05-31,146.4898223876953,18.642457962036133
2022-06-01,146.36187744140625,18.291015625
2022-06-02,148.82241821289062,19.560998916625977
2022-06-03,143.08444213867188,18.69038200378418
2022-06-06,143.8324432373047,18.756277084350586
2022-06-07,146.36187744140625,18.896055221557617
2022-06-08,145.62374877929688,18.622434616088867
2022-06-09,140.38772583007812,18.02325439453125
2022-06-10,134.9647216796875,16.950729370117188
2022-06-13,129.79762268066406,15.625547409057617
2022-06-14,130.66371154785156,15.814288139343262
2022-06-15,133.2915496826172,16.504343032836914
2022-06-16,128.00636291503906,15.579607963562012
2022-06-17,129.482666015625,15.85822868347168
2022-06-21,133.72457885742188,16.54328727722168
2022-06-22,133.2128143310547,16.337570190429688
2022-06-23,136.0867462158203,16.2027587890625
2022-06-24,139.42318725585938,17.102519989013672
2022-06-27,139.42318725585938,16.845870971679688
2022-06-28,135.26980590820312,15.960090637207031
2022-06-29,137.03155517578125,15.520689964294434
2022-06-30,134.5612030029297,15.13821792602539
2022-07-01,136.73631286621094,14.503087997436523
2022-07-05,139.3247833251953,14.943483352661133
2022-07-06,140.66329956054688,15.109256744384766
2022-07-07,144.03912353515625,15.836257934570312
2022-07-08,144.7182159423828,15.816285133361816
2022-07-11,142.5824737548828,15.131227493286133
2022-07-12,143.55686950683594,15.061322212219238
2022-07-13,143.19271850585938,15.143209457397461
2022-07-14,146.12570190429688,15.35092544555664
2022-07-15,147.798828125,15.740388870239258
2022-07-18,144.747802734375,16.07892417907715
2022-07-19,148.61570739746094,16.968708038330078
2022-07-20,150.62351989746094,17.782583236694336
2022-07-21,152.89703369140625,18.025253295898438
2022-07-22,151.6569366455078,17.295257568359375
2022-07-25,150.53492736816406,17.000656127929688
2022-07-26,149.2062530517578,16.510334014892578
2022-07-27,154.31430053710938,17.76561164855957
2022-07-28,154.86546325683594,17.95934295654297
2022-07-29,159.9439697265625,18.138097763061523
2022-08-01,158.9597625732422,18.41571807861328
2022-08-02,157.4834442138672,18.50060272216797
2022-08-03,163.50680541992188,18.867097854614258
2022-08-04,163.1918487548828,19.188655853271484
2022-08-05,162.96517944335938,18.96296501159668
2022-08-08,162.49208068847656,17.768606185913086
2022-08-09,162.54136657714844,17.06257438659668
2022-08-10,166.79905700683594,18.072189331054688
2022-08-11,166.0598907470703,17.917404174804688
2022-08-12,169.61782836914062,18.683349609375
2022-08-15,170.69210815429688,19.005905151367188
2022-08-16,170.5343780517578,18.853118896484375
2022-08-17,172.03248596191406,18.309860229492188
2022-08-18,171.63824462890625,18.747264862060547
2022-08-19,169.0461883544922,17.82452964782715
2022-08-22,165.15316772460938,17.01064682006836
2022-08-23,164.8180389404297,17.157445907592773
2022-08-24,165.11370849609375,17.198392868041992
2022-08-25,167.57769775390625,17.888439178466797
2022-08-26,161.2601318359375,16.23770523071289
2022-08-29,159.05242919921875,15.779335975646973
2022-08-30,156.61807250976562,15.446793556213379
2022-08-31,154.9524383544922,15.073305130004883
2022-09-01,155.68179321289062,13.917892456054688
2022-09-02,153.56275939941406,13.628290176391602
2022-09-06,152.30123901367188,13.446537017822266
2022-09-07,153.71063232421875,13.69926643371582
2022-09-08,152.23223876953125,13.974969863891602
2022-09-09,155.10028076171875,14.371545791625977
2022-09-12,161.07284545898438,14.489418029785156
2022-09-13,151.62120056152344,13.11689281463623
2022-09-14,153.06996154785156,13.113898277282715
2022-09-15,150.17239379882812,12.91511058807373
2022-09-16,148.52647399902344,13.183820724487305
2022-09-19,152.251953125,13.367622375488281
2022-09-20,154.63705444335938,13.161844253540039
2022-09-21,151.50289916992188,13.246752738952637
2022-09-22,150.53704833984375,12.547505378723145
2022-09-23,148.26036071777344,12.502553939819336
2022-09-26,148.59547424316406,12.214863777160645
2022-09-27,149.57119750976562,12.399664878845215
2022-09-28,147.6788787841797,12.722318649291992
2022-09-29,140.42503356933594,12.206872940063477
2022-09-30,136.2067413330078,12.125959396362305
2022-10-03,140.39547729492188,12.498558044433594
2022-10-04,143.99281311035156,13.152854919433594
2022-10-05,144.28846740722656,13.194809913635254
2022-10-06,143.3324737548828,13.115893363952637
2022-10-07,138.0695037841797,12.063027381896973
2022-10-10,138.3947296142578,11.657464027404785
2022-10-11,136.9755096435547,11.573554992675781
2022-10-12,136.3447265625,11.487646102905273
2022-10-13,140.9276885986328,11.947151184082031
2022-10-14,136.38417053222656,11.214941024780273
2022-10-17,140.35606384277344,11.875228881835938
2022-10-18,141.67672729492188,11.954144477844238
2022-10-19,141.7851104736328,12.038053512573242
2022-10-20,141.3218994140625,12.180900573730469
2022-10-21,145.1459503173828,12.452608108520508
2022-10-24,147.2945098876953,12.585464477539062
2022-10-25,150.14283752441406,13.246752738952637
2022-10-26,147.19595336914062,12.882146835327148
2022-10-27,142.71156311035156,13.161844253540039
2022-10-28,153.49378967285156,13.819138526916504
2022-10-31,151.12838745117188,13.482501029968262
2022-11-01,148.4771728515625,13.528450965881348
2022-11-02,142.93824768066406,13.204798698425293
2022-11-03,136.87696838378906,13.40658187866211
2022-11-04,136.6104278564453,14.140792846679688
2022-11-07,137.1435089111328,14.285636901855469
2022-11-08,137.716064453125,14.586313247680664
2022-11-09,133.14529418945312,13.761200904846191
2022-11-10,144.9918670654297,15.733078956604004
2022-11-11,147.78564453125,16.30946159362793
2022-11-14,146.38380432128906,16.277496337890625
2022-11-15,148.1212921142578,16.648094177246094
2022-11-16,146.8872528076172,15.892908096313477
2022-11-17,148.79258728027344,15.660157203674316
2022-11-18,149.35531616210938,15.392448425292969
2022-11-21,146.1172637939453,15.300545692443848
2022-11-22,148.25950622558594,16.020771026611328
2022-11-23,149.1381072998047,16.501253128051758
2022-11-25,146.21597290039062,16.25252342224121
2022-11-28,142.37571716308594,15.809996604919434
2022-11-29,139.3647003173828,15.622199058532715
2022-11-30,146.1370086669922,16.909141540527344
2022-12-01,146.41343688964844,17.1209716796875
2022-12-02,145.91983032226562,16.862180709838867
2022-12-05,144.75489807128906,16.59640121459961
2022-12-06,141.08248901367188,15.97391128540039
2022-12-07,139.13768005371094,16.10680389404297
2022-12-08,140.82582092285156,17.154943466186523
2022-12-09,140.34207153320312,16.987079620361328
2022-12-12,142.64227294921875,17.52064323425293
2022-12-13,143.6097412109375,18.057207107543945
2022-12-14,141.3786163330078,17.659530639648438
2022-12-15,134.75445556640625,16.938121795654297
2022-12-16,132.78990173339844,16.557432174682617
2022-12-19,130.67723083496094,16.240690231323242
2022-12-20,130.60816955566406,16.071826934814453
2022-12-21,133.71788024902344,16.48748779296875
2022-12-22,130.5390625,15.326440811157227
2022-12-23,130.17376708984375,15.193552017211914
2022-12-27,128.3671875,14.109436988830566
2022-12-28,124.42821502685547,14.024508476257324
2022-12-29,127.95258331298828,14.591044425964355
2022-12-30,128.26846313476562,14.602035522460938
2023-01-03,123.47061157226562,14.303278923034668
2023-01-04,124.7441177368164,14.736924171447754
2023-01-05,123.42124938964844,14.253321647644043
2023-01-06,127.9624252319336,14.846835136413574
2023-01-09,128.48565673828125,15.615204811096191
2023-01-10,129.05824279785156,15.895976066589355
2023-01-11,131.782958984375,15.987899780273438
2023-01-12,131.70399475097656,16.497482299804688
2023-01-13,133.03671264648438,16.885160446166992
2023-01-17,134.2016143798828,17.6875057220459
2023-01-18,133.48094177246094,17.362775802612305
2023-01-19,133.54017639160156,16.75127410888672
2023-01-20,136.10691833496094,17.82439613342285
2023-01-23,139.30551147460938,19.177288055419922
2023-01-24,140.7073516845703,19.249223709106445
2023-01-25,140.0458984375,19.307180404663086
2023-01-26,142.1190643310547,19.785785675048828
2023-01-27,144.0638427734375,20.34832763671875
2023-01-30,141.17132568359375,19.146312713623047
2023-01-31,142.44480895996094,19.521007537841797
2023-02-01,143.57025146484375,20.925853729248047
2023-02-02,148.89132690429688,21.691225051879883
2023-02-03,152.52427673339844,21.082727432250977
2023-02-06,149.78968811035156,21.071733474731445
2023-02-07,152.67233276367188,22.15484619140625
2023-02-08,149.9772491455078,22.186819076538086
2023-02-09,148.94068908691406,22.318714141845703
2023-02-10,149.30650329589844,21.247589111328125
2023-02-13,152.11448669433594,21.770156860351562
2023-02-14,151.47178649902344,22.952192306518555
2023-02-15,153.57778930664062,22.745361328125
2023-02-16,151.97605895996094,21.98398780822754
2023-02-17,150.8291473388672,21.3704891204834
2023-02-21,146.80503845214844,20.63808822631836
2023-02-22,147.23020935058594,20.737009048461914
2023-02-23,147.7146759033203,23.64462661743164
2023-02-24,145.0550079345703,23.266929626464844
2023-02-27,146.25137329101562,23.48175811767578
2023-02-28,145.74713134765625,23.196989059448242
2023-03-01,143.67079162597656,22.67941665649414
2023-03-02,144.2640380859375,23.294912338256836
2023-03-03,149.32627868652344,23.87043571472168
2023-03-06,152.09471130371094,23.534717559814453
2023-03-07,149.88987731933594,23.27288246154785
2023-03-08,151.14552307128906,24.165306091308594
2023-03-09,148.89125061035156,23.42078971862793
2023-03-10,146.82484436035156,22.95009422302246
2023-03-13,148.77259826660156,22.951093673706055
2023-03-14,150.8686981201172,24.047380447387695
2023-03-15,151.26416015625,24.212276458740234
2023-03-16,154.09194946289062,25.52442169189453
2023-03-17,153.25149536132812,25.708303451538086
2023-03-20,155.62442016601562,25.883190155029297
2023-03-21,157.48324584960938,26.181995391845703
2023-03-22,156.04959106445312,26.450820922851562
2023-03-23,157.1371612548828,27.173349380493164
2023-03-24,158.44229125976562,26.76161766052246
2023-03-27,156.49452209472656,26.513782501220703
2023-03-28,155.87158203125,26.392860412597656
2023-03-29,158.95640563964844,26.96648597717285
2023-03-30,160.5284881591797,27.36522674560547
2023-03-31,163.03982543945312,27.758974075317383
2023-04-03,164.29550170898438,27.946847915649414
2023-04-04,163.76158142089844,27.4351806640625
2023-04-05,161.9126739501953,26.863554000854492
2023-04-06,162.8025360107422,27.019453048706055
2023-04-10,160.2021942138672,27.561100006103516
2023-04-11,158.986083984375,27.1513671875
2023-04-12,158.29397583007812,26.477800369262695
2023-04-13,163.69236755371094,26.445825576782227
2023-04-14,163.34634399414062,26.740633010864258
2023-04-17,163.36610412597656,26.984474182128906
2023-04-18,164.59210205078125,27.649044036865234
2023-04-19,165.73904418945312,27.912870407104492
2023-04-20,164.7700958251953,27.086406707763672
2023-04-21,163.1584930419922,27.101396560668945
2023-04-24,163.46498107910156,27.024450302124023
2023-04-25,161.92259216308594,26.223970413208008
2023-04-26,161.9126739501953,26.93850326538086
2023-04-27,166.51023864746094,27.208328247070312
2023-04-28,167.7659149169922,27.73099136352539
2023-05-01,167.67691040039062,28.8912353515625
2023-05-02,166.6387481689453,28.191688537597656
2023-05-03,165.56106567382812,27.783952713012695
2023-05-04,163.91976928710938,27.544109344482422
2023-05-05,171.61203002929688,28.661388397216797
2023-05-08,171.5428009033203,29.132078170776367
2023-05-09,169.8323516845703,28.552453994750977
2023-05-10,171.60214233398438,28.866252899169922
2023-05-11,171.78997802734375,28.559450149536133
2023-05-12,170.85931396484375,28.321605682373047
2023-05-15,170.3642578125,28.934207916259766
2023-05-16,170.3642578125,29.19403839111328
2023-05-17,170.97813415527344,30.15841293334961
2023-05-18,173.3147430419922,31.657440185546875
2023-05-19,173.42364501953125,31.24370765686035
2023-05-22,172.47314453125,31.155765533447266
2023-05-23,169.8593292236328,30.668081283569336
2023-05-24,170.1365509033203,30.518177032470703
2023-05-25,171.27516174316406,37.955345153808594
2023-05-26,173.69093322753906,38.92072296142578
2023-05-30,175.54241943359375,40.08496856689453
2023-05-31,175.49290466308594,37.809444427490234
2023-06-01,178.3047637939453,39.74419021606445
2023-06-02,179.15623474121094,39.30147171020508
2023-06-05,177.79981994628906,39.14558029174805
2023-06-06,177.43348693847656,38.62891387939453
2023-06-07,176.05728149414062,37.454551696777344
2023-06-08,178.78001403808594,38.488990783691406
2023-06-09,179.16615295410156,38.748844146728516
2023-06-12,181.9680633544922,39.46045684814453
2023-06-13,181.49285888671875,40.99961471557617
2023-06-14,182.12649536132812,42.97353744506836
2023-06-15,184.16607666015625,42.629730224609375
2023-06-16,183.0868682861328,42.668704986572266
2023-06-20,183.1759796142578,43.784095764160156
2023-06-21,182.13641357421875,43.02151107788086
2023-06-22,185.1462860107422,43.001529693603516
2023-06-23,184.8294219970703,42.185970306396484
2023-06-26,183.4334259033203,40.609825134277344
2023-06-27,186.1957550048828,41.8531494140625
2023-06-28,187.37396240234375,41.094566345214844
2023-06-29,187.71058654785156,40.79972839355469
2023-06-30,192.04718017578125,42.27891540527344
2023-07-03,190.55213928222656,42.389854431152344
2023-07-05,189.43333435058594,42.29391098022461
2023-07-06,189.9085693359375,42.08002853393555
2023-07-07,188.789794921875,42.47980499267578
2023-07-10,186.74029541015625,42.156982421875
2023-07-11,186.21554565429688,42.381858825683594
2023-07-12,187.8887939453125,43.878047943115234
2023-07-13,188.65115356445312,45.9519157409668
2023-07-14,188.7996826171875,45.444190979003906
2023-07-17,192.06698608398438,46.43565368652344
2023-07-18,191.80953979492188,47.46809005737305
2023-07-19,193.16598510742188,47.05131530761719
2023-07-20,191.21551513671875,45.49516296386719
2023-07-21,190.0373077392578,44.284820556640625
2023-07-24,190.83924865722656,44.5876579284668
2023-07-25,191.70065307617188,45.65407943725586
2023-07-26,192.57191467285156,45.42720031738281
2023-07-27,191.30459594726562,45.87495803833008
2023-07-28,193.8887481689453,46.72449493408203
2023-07-31,194.5026092529297,46.70349884033203
2023-08-01,193.6708984375,46.48162841796875
2023-08-02,190.6709442138672,44.244850158691406
2023-08-03,189.27493286132812,44.4907112121582
2023-08-04,180.18592834472656,44.65562057495117
2023-08-07,177.07705688476562,45.39221954345703
2023-08-08,178.01763916015625,44.6396369934082
2023-08-09,176.423583984375,42.530784606933594
2023-08-10,176.2057647705078,42.36487579345703
2023-08-11,176.26527404785156,40.83271026611328
2023-08-14,177.9209442138672,43.729122161865234
2023-08-15,175.9281768798828,43.9160270690918
2023-08-16,175.0557403564453,43.46227264404297
2023-08-17,172.5077667236328,43.32034683227539
2023-08-18,172.99356079101562,43.27537155151367
2023-08-21,174.33197021484375,46.941375732421875
2023-08-22,175.71005249023438,45.64308166503906
2023-08-23,179.56671142578125,47.09029769897461
2023-08-24,174.8673553466797,47.13726806640625
2023-08-25,177.07823181152344,45.99289321899414
2023-08-28,178.6446990966797,46.809444427490234
2023-08-29,182.5409698486328,48.75738525390625
2023-08-30,186.0407257080078,49.23712158203125
2023-08-31,186.25881958007812,49.32807159423828
2023-09-01,187.83522033691406,48.4825325012207
2023-09-05,188.07310485839844,48.52151870727539
2023-09-06,181.34133911132812,47.0391960144043
2023-09-07,176.03721618652344,46.21957778930664
2023-09-08,176.6519012451172,45.55088424682617
2023-09-11,177.82180786132812,45.15707015991211
2023-09-12,174.7880401611328,44.84920883178711
2023-09-13,172.7159881591797,45.46392822265625
2023-09-14,174.2328643798828,45.55988693237305
2023-09-15,173.5091094970703,43.87966537475586
2023-09-18,176.44371032714844,43.94562530517578
2023-09-19,177.53428649902344,43.49983596801758
2023-09-20,173.9849853515625,42.21943283081055
2023-09-21,172.43836975097656,40.99799728393555
2023-09-22,173.2909698486328,41.590721130371094
2023-09-25,174.56993103027344,42.20244216918945
2023-09-26,170.4852752685547,41.89158248901367
2023-09-27,168.96836853027344,42.448326110839844
2023-09-28,169.22616577148438,43.069034576416016
2023-09-29,169.74171447753906,43.478851318359375
2023-10-02,172.25991821289062,44.76124954223633
2023-10-03,170.9215087890625,43.49683380126953
2023-10-04,172.17066955566406,44.02059555053711
2023-10-05,173.4099884033203,44.66729736328125
2023-10-06,175.9678192138672,45.74080276489258
2023-10-09,177.45498657226562,45.25202178955078
2023-10-10,176.86012268066406,45.77678298950195
2023-10-11,178.25804138183594,46.78431701660156
2023-10-12,179.1602325439453,46.923248291015625
2023-10-13,177.316162109375,45.439937591552734
2023-10-16,177.18728637695312,46.07365036010742
2023-10-17,175.63076782226562,43.91764831542969
2023-10-18,174.33197021484375,42.17645263671875
2023-10-19,173.95526123046875,42.08149719238281
2023-10-20,171.39736938476562,41.36782455444336
2023-10-23,171.516357421875,42.95509338378906
2023-10-24,171.95257568359375,43.64276885986328
2023-10-25,169.63265991210938,41.7596435546875
2023-10-26,165.45875549316406,40.30731964111328
2023-10-27,166.77734375,40.481239318847656
2023-10-30,168.82955932617188,41.14193344116211
2023-10-31,169.30548095703125,40.7611083984375
2023-11-01,172.47802734375,42.305397033691406
2023-11-02,176.0471649169922,43.485843658447266
2023-11-03,175.13504028320312,44.98414993286133
2023-11-06,177.6929473876953,45.729801177978516
2023-11-07,180.26071166992188,45.933712005615234
2023-11-08,181.321533203125,46.55242156982422
2023-11-09,180.84564208984375,46.92824935913086
2023-11-10,185.04489135742188,48.31260299682617
2023-11-13,183.45651245117188,48.59747314453125
2023-11-14,186.07733154296875,49.632991790771484
2023-11-15,186.64320373535156,48.865352630615234
2023-11-16,188.33082580566406,49.45708084106445
2023-11-17,188.31097412109375,49.27516174316406
2023-11-20,190.05816650390625,50.385650634765625
2023-11-21,189.25405883789062,49.920860290527344
2023-11-22,189.919189453125,48.69342803955078
2023-11-24,188.58892822265625,47.75386428833008
2023-11-27,188.4102325439453,48.21965408325195
2023-11-28,189.0157928466797,47.79884338378906
2023-11-29,187.99331665039062,48.117698669433594
2023-11-30,188.569091796875,46.74833297729492
2023-12-01,189.84970092773438,46.74333953857422
2023-12-04,188.0528564453125,45.48891067504883
2023-12-05,192.01385498046875,46.548519134521484
2023-12-06,190.92184448242188,45.48591613769531
2023-12-07,192.857666015625,46.57851028442383
2023-12-08,194.28721618652344,47.48816680908203
2023-12-11,191.7755889892578,46.6094970703125
2023-12-12,193.2945098876953,47.63911056518555
2023-12-13,196.5208740234375,48.06995391845703
2023-12-14,196.6697540283203,48.33184814453125
2023-12-15,196.13368225097656,48.87164306640625
2023-12-18,194.46591186523438,50.05820083618164
2023-12-19,195.5082550048828,49.58537673950195
2023-12-20,193.41360473632812,48.092933654785156
2023-12-21,193.26467895507812,48.97161102294922
2023-12-22,192.1925506591797,48.81167221069336
2023-12-26,191.64657592773438,49.260498046875
2023-12-27,191.74581909179688,49.3984489440918
2023-12-28,192.17271423339844,49.50341033935547
2023-12-29,191.1303253173828,49.50341033935547
2024-01-02,184.29042053222656,48.14991760253906
2024-01-03,182.9105224609375,47.551143646240234
2024-01-04,180.58753967285156,47.979984283447266
2024-01-05,179.86282348632812,49.07856369018555
2024-01-08,184.2109832763672,52.23338317871094
2024-01-09,183.79405212402344,53.120052337646484
2024-01-10,184.83641052246094,54.3296012878418
2024-01-11,184.24078369140625,54.80141830444336
2024-01-12,184.56837463378906,54.68946075439453
2024-01-16,182.29502868652344,56.360836029052734
2024-01-17,181.3519287109375,56.031959533691406
2024-01-18,187.25869750976562,57.08556365966797
2024-01-19,190.16738891601562,59.46866989135742
2024-01-22,192.48045349121094,59.63161087036133
2024-01-23,193.76104736328125,59.85052490234375
2024-01-24,193.0860137939453,61.338966369628906
2024-01-25,192.75840759277344,61.59386444091797
2024-01-26,191.02110290527344,61.00809097290039
2024-01-29,190.3361358642578,62.441551208496094
2024-01-30,186.67294311523438,62.75043487548828
2024-01-31,183.05943298339844,61.503902435302734
2024-02-01,185.50155639648438,63.00333786010742
2024-02-02,184.49888610839844,66.13516235351562
2024-02-05,186.31558227539062,69.30597686767578
2024-02-06,187.92381286621094,68.19739532470703
2024-02-07,188.0330047607422,70.07267761230469
2024-02-08,186.95094299316406,69.6148452758789
2024-02-09,187.71632385253906,72.1059341430664
2024-02-12,186.02650451660156,72.22087860107422
2024-02-13,183.92918395996094,72.10093688964844
2024-02-14,183.04452514648438,73.87226867675781
2024-02-15,182.75628662109375,72.63072204589844
2024-02-16,181.21556091308594,72.58573913574219
2024-02-20,180.47006225585938,69.42593383789062
2024-02-21,181.2255096435547,67.4466781616211
2024-02-22,183.26318359375,78.5085220336914
2024-02-23,181.42431640625,78.78741455078125
2024-02-26,180.07247924804688,79.06232452392578
2024-02-27,181.53366088867188,78.67144775390625
2024-02-28,180.33091735839844,77.63385772705078
2024-02-29,179.66493225097656,79.0822982788086
2024-03-01,178.5814971923828,82.24810791015625
2024-03-04,174.04885864257812,85.20499420166016
2024-03-05,169.09877014160156,85.93576049804688
2024-03-06,168.104736328125,88.67086029052734
2024-03-07,167.9854736328125,92.6385498046875
2024-03-08,169.70509338378906,87.49925231933594
2024-03-11,171.7129669189453,85.74583435058594
2024-03-12,172.19007873535156,91.8828125
2024-03-13,170.10269165039062,90.85813903808594
2024-03-14,171.96144104003906,87.91510772705078
2024-03-15,171.583740234375,87.80813598632812
2024-03-18,172.67715454101562,88.42594909667969
2024-03-19,175.02297973632812,89.36863708496094
2024-03-20,177.597412109375,90.34231567382812
2024-03-21,170.34124755859375,91.40496063232422
2024-03-22,171.2457733154297,94.25802612304688
2024-03-25,169.82437133789062,94.97078704833984
2024-03-26,168.69122314453125,92.53058624267578
2024-03-27,172.26959228515625,90.22034454345703
2024-03-28,170.45057678222656,90.3263168334961
2024-04-01,169.00929260253906,90.33331298828125
2024-04-02,167.82643127441406,89.42261505126953
2024-04-03,168.63156127929688,88.93477630615234
2024-04-04,167.80657958984375,85.87677001953125
2024-04-05,168.56198120117188,87.97909545898438
2024-04-08,167.4387664794922,87.10437774658203
2024-04-09,168.6514434814453,85.3259506225586
2024-04-10,166.77279663085938,87.01040649414062
2024-04-11,173.9892120361328,90.58623504638672
2024-04-12,175.4901580810547,88.15703582763672
2024-04-15,171.6533203125,85.97274780273438
2024-04-16,168.3632049560547,87.38628387451172
2024-04-17,166.99147033691406,84.00739288330078
2024-04-18,166.03721618652344,84.6431884765625
2024-04-19,164.0094757080078,76.17496490478516
2024-04-22,164.8444366455078,79.49187469482422
2024-04-23,165.8980712890625,82.39591979980469
2024-04-24,168.00535583496094,79.65083312988281
2024-04-25,168.87013244628906,82.6048583984375
2024-04-26,168.28366088867188,87.70618438720703
2024-04-29,172.4584503173828,87.7281723022461
2024-04-30,169.30747985839844,86.37361907958984
2024-05-01,168.28366088867188,83.01371765136719
2024-05-02,171.9912872314453,85.78881072998047
2024-05-03,182.27914428710938,88.75983428955078
2024-05-06,180.61917114257812,92.10972595214844
2024-05-07,181.30502319335938,90.52424621582031
2024-05-08,181.6429901123047,90.38230895996094
2024-05-09,183.46202087402344,88.71784973144531
2024-05-10,182.1979217529297,89.84848022460938
2024-05-13,185.4128875732422,90.36930847167969
2024-05-14,186.55752563476562,91.32599639892578
2024-05-15,188.83685302734375,94.59890747070312
2024-05-16,188.95631408691406,94.3280029296875
2024-05-17,188.98619079589844,92.4486083984375
2024-05-20,190.1507110595703,94.74886322021484
2024-05-21,191.4546356201172,95.35466766357422
2024-05-22,190.01138305664062,94.91880798339844
2024-05-23,186.01010131835938,103.7649154663086
2024-05-24,189.0956573486328,106.43403625488281
2024-05-28,189.10562133789062,113.86358642578125
2024-05-29,189.40420532226562,114.78727722167969
2024-05-30,190.39956665039062,110.46369934082031
2024-05-31,191.3551025390625,109.59698486328125
2024-06-03,193.12680053710938,114.96222686767578
2024-06-04,193.44532775878906,116.39875030517578
2024-06-05,194.95823669433594,122.39978790283203
2024-06-06,193.57470703125,120.95825958251953
2024-06-07,195.97349548339844,120.84829711914062
2024-06-10,192.2210235595703,121.74999237060547
2024-06-11,206.1857147216797,120.88021087646484
2024-06-12,212.0782012939453,125.16915130615234
2024-06-13,213.2427520751953,129.5780792236328
2024-06-14,211.50086975097656,131.84751892089844
2024-06-17,215.6614227294922,130.94773864746094
2024-06-18,213.29248046875,135.54660034179688
2024-06-20,208.70394897460938,130.74778747558594
2024-06-21,206.524169921875,126.53881072998047
2024-06-24,207.17111206054688,118.08090209960938
2024-06-25,208.0968017578125,126.05892944335938
2024-06-26,212.25733947753906,126.36885833740234
2024-06-27,213.10340881347656,123.95944213867188
2024-06-28,209.6395721435547,123.50955963134766
2024-07-01,215.7410430908203,124.2693862915039
2024-07-02,219.24465942382812,122.6397705078125
2024-07-03,220.51870727539062,128.24839782714844
2024-07-05,225.28639221191406,125.79899597167969
2024-07-08,226.759521484375,128.16839599609375
2024-07-09,227.61549377441406,131.34764099121094
2024-07-10,231.89549255371094,134.87677001953125
2024-07-11,226.51068115234375,127.36861419677734
2024-07-12,229.46685791015625,129.2081756591797
2024-07-15,233.3088836669922,128.40835571289062
2024-07-16,233.72694396972656,126.32887268066406
2024-07-17,227.81459045410156,117.96092987060547
2024-07-18,223.13644409179688,121.06016540527344
2024-07-19,223.26585388183594,117.90093994140625
2024-07-22,222.91749572753906,123.50955963134766
2024-07-23,223.96258544921875,122.5597915649414
2024-07-24,217.52268981933594,114.22184753417969
2024-07-25,216.47760009765625,112.25232696533203
2024-07-26,216.94541931152344,113.03214263916016
2024-07-29,217.22412109375,111.5625
2024-07-30,217.78150939941406,103.7044448852539
2024-07-31,221.04623413085938,116.99115753173828
2024-08-01,217.3435516357422,109.18309783935547
2024-08-02,218.83656311035156,107.24356842041016
2024-08-05,208.29586791992188,100.42524719238281
2024-08-06,206.26536560058594,104.22431182861328
2024-08-07,208.8433074951172,98.88563537597656
2024-08-08,212.31704711914062,104.94413757324219
2024-08-09,215.23342895507812,104.72418975830078
2024-08-12,216.7680206298828,108.9931411743164
2024-08-13,220.4949493408203,116.11138153076172
2024-08-14,220.94334411621094,118.05091094970703
2024-08-15,223.93284606933594,122.8297348022461
2024-08-16,225.25819396972656,124.54930114746094
2024-08-19,225.0987548828125,129.96795654296875
2024-08-20,225.71656799316406,127.2186508178711
2024-08-21,225.60696411132812,128.4683380126953
2024-08-22,223.74349975585938,123.70951080322266
2024-08-23,226.04542541503906,129.33811950683594
2024-08-26,226.38421630859375,126.42884063720703
2024-08-27,227.2312469482422,128.26840209960938
2024-08-28,225.6966552734375,125.57905578613281
2024-08-29,228.98509216308594,117.56101989746094
2024-08-30,228.19784545898438,119.34059143066406
2024-09-03,221.98968505859375,107.973388671875
2024-09-04,220.076416015625,106.18383026123047
2024-09-05,221.60105895996094,107.18358612060547
2024-09-06,220.0465087890625,102.80465698242188
2024-09-09,220.13621520996094,106.44377136230469
2024-09-10,219.3389892578125,108.0733642578125
2024-09-11,221.88006591796875,116.88119506835938
2024-09-12,221.98968505859375,119.12083435058594
2024-09-13,221.72061157226562,119.0808334350586
2024-09-16,215.56227111816406,116.7612075805664
2024-09-17,216.03062438964844,115.57140350341797
2024-09-18,219.9169464111328,113.35176086425781
2024-09-19,228.0683135986328,117.85104370117188
2024-09-20,227.40066528320312,115.98133850097656
2024-09-23,225.6767120361328,116.24130249023438
2024-09-24,226.5735626220703,120.85055541992188
2024-09-25,225.57705688476562,123.4901351928711
2024-09-26,226.72305297851562,124.02005004882812
2024-09-27,226.99208068847656,121.38047790527344
2024-09-30,232.183837890625,121.42046356201172
2024-10-01,225.41763305664062,116.9811782836914
2024-10-02,225.98562622070312,118.83087921142578
2024-10-03,224.8795166015625,122.83023834228516
2024-10-04,226.0055694580078,124.89990234375
2024-10-07,220.91348266601562,127.69945526123047
2024-10-08,224.9791717529297,132.86862182617188
2024-10-09,228.73597717285156,132.62864685058594
2024-10-10,228.23770141601562,134.78829956054688
2024-10-11,226.75294494628906,134.7783203125
2024-10-14,230.48980712890625,138.0478057861328
2024-10-15,233.03086853027344,131.57884216308594
2024-10-16,230.96812438964844,135.6981658935547
2024-10-17,231.33682250976562,136.90797424316406
2024-10-18,234.17684936523438,137.97779846191406
2024-10-21,235.6516571044922,143.6868896484375
2024-10-22,235.03382873535156,143.56690979003906
2024-10-23,229.95169067382812,139.5375518798828
2024-10-24,229.76235961914062,140.38742065429688
2024-10-25,230.5994110107422,141.51722717285156
2024-10-28,232.5824432373047,140.49740600585938
2024-10-29,232.85150146484375,141.22727966308594
2024-10-30,229.29400634765625,139.3175811767578
2024-10-31,225.11868286132812,132.7386474609375
2024-11-01,222.1291961669922,135.3782196044922
2024-11-04,221.23233032226562,136.0281219482422
2024-11-05,222.66729736328125,139.8874969482422
2024-11-06,221.93984985351562,145.58657836914062
2024-11-07,226.6831817626953,148.85606384277344
2024-11-08,226.41383361816406,147.6062469482422
2024-11-11,223.69039916992188,145.2366180419922
2024-11-12,223.69039916992188,148.26612854003906
2024-11-13,224.57826232910156,146.24647521972656
2024-11-14,227.67080688476562,146.7363739013672
2024-11-15,224.4585418701172,141.9571533203125
2024-11-18,227.47128295898438,140.12744140625
2024-11-19,227.73065185546875,146.98634338378906
2024-11-20,228.44891357421875,145.8665313720703
2024-11-21,227.97007751464844,146.6464080810547
2024-11-22,229.3168182373047,141.92715454101562
2024-11-25,232.30960083007812,135.9981231689453
2024-11-26,234.49432373046875,136.89797973632812
2024-11-27,234.36465454101562,135.31822204589844
2024-11-29,236.75888061523438,138.22776794433594
2024-12-02,239.013427734375,138.60769653320312
2024-12-03,242.06607055664062,140.23744201660156
2024-12-04,242.42520141601562,145.1166534423828
2024-12-05,242.4551239013672,145.04666137695312
2024-12-06,242.25559997558594,142.42689514160156
2024-12-09,246.1562042236328,138.79722595214844
2024-12-10,247.1737518310547,135.05758666992188
2024-12-11,245.89682006835938,139.29718017578125
2024-12-12,247.36329650878906,137.32736206054688
2024-12-13,247.5328826904297,134.23765563964844
2024-12-16,250.4358673095703,131.98785400390625
2024-12-17,252.8699951171875,130.3780059814453
2024-12-18,247.4530792236328,128.8981475830078
2024-12-19,249.1888885498047,130.66796875
2024-12-20,253.87759399414062,134.68760681152344
2024-12-23,254.6557159423828,139.6571502685547
2024-12-24,257.57867431640625,140.2071075439453
2024-12-26,258.39666748046875,139.91712951660156
2024-12-27,254.9749298095703,136.9973907470703
2024-12-30,251.5930938720703,137.47735595703125
